<?xml version="1.0" encoding="UTF-8"?>
 
<!DOCTYPE mapper
PUBLIC "-//mybatis.org//DTD Mapper 3.0//EN"
"http://mybatis.org/dtd/mybatis-3-mapper.dtd">

<mapper namespace="spring.model.reply.ReplyMapper">
	<select id="rcount" parameterType="int" resultType="int">
		SELECT count(*) FROM reply
		WHERE bbsno = #{bbsno}
	</select>
	<insert id="create" parameterType="ReplyDTO">
		INSERT into reply(rnum, content, regdate, id, bbsno)
		values((select nvl(max(rnum),0)+1 from reply),
		#{content}, sysdate, #{id}, #{bbsno})
	</insert>
	
	<select id="list" parameterType="Map" resultType="ReplyDTO">
		select rnum, content, to_char(regdate,'yyyy-mm-dd') regdate, id, bbsno, r
		FROM(
			select rnum, content, regdate, id, bbsno, rownum r
			FROM(
				select rnum, content, regdate, id, bbsno
				from REPLY
				where bbsno = #{bbsno}
				order by rnum DESC
				)
		<![CDATA[
		)WHERE r >= #{sno} and r <= #{eno}
		]]>
	</select>
	<select id="total" parameterType="int" resultType="int">
		SELECT count(*) FROM reply
		WHERE bbsno = #{bbsno}	
	</select>
	<select id="read" parameterType="int" resultType="ReplyDTO">
		SELECT * FROM reply
		WHERE rnum = #{rnum}
	</select>
	<update id="update" parameterType="ReplyDTO">
		UPDATE reply
		SET content = #{content}
		WHERE rnum = #{rnum}
	</update>
	<delete id="delete" parameterType="int">
		DELETE FROM reply
		WHERE rnum = #{rnum}
	</delete>
</mapper>