<?xml version="1.0" encoding="UTF-8"?>
<beans xmlns="http://www.springframework.org/schema/beans"
	xmlns:xsi="http://www.w3.org/2001/XMLSchema-instance"
	xmlns:p="http://www.springframework.org/schema/p"
	xsi:schemaLocation="http://www.springframework.org/schema/beans 
	https://www.springframework.org/schema/beans/spring-beans.xsd">
	
	<!-- Root Context: defines shared resources visible to all other web components -->
	<!-- 데이터베이스 접속 설정 --> 
	<bean id="dataSource" destroy-method="close"
		class="org.apache.commons.dbcp.BasicDataSource"
		p:driverClassName="oracle.jdbc.driver.OracleDriver"
		p:url="jdbc:oracle:thin:@localhost:1521:XE" p:username="hr"
		p:password="hr" /> 

	<!-- MyBatis SQL 실행 클래스  --> 
	<bean id="sqlSessionFactory"
		class="org.mybatis.spring.SqlSessionFactoryBean">
		<property name="dataSource" ref="dataSource" />
		
		<!-- 아래부분은 매핑할 xml파일이 있는 패키지경로를 설정한다. -->
		<property name="typeAliasesPackage" value="spring.model" />
		<property name="mapperLocations"
			value="classpath:mybatis/*.xml" />
	</bean>
	
	<bean id="sqlSession"
		class="org.mybatis.spring.SqlSessionTemplate">
		<constructor-arg name="sqlSessionFactory"
			ref="sqlSessionFactory" />
	</bean>
	
	<!-- mapper xml DAO Interface설정 -->
	<bean class="org.mybatis.spring.mapper.MapperScannerConfigurer">
		<property name="basePackage" value="spring.model" />
	</bean>
	
	<!--    파일 전송이 있는 경우만 선언, File upload   --> 
    <bean id="multipartResolver" 
        class="org.springframework.web.multipart.commons.CommonsMultipartResolver"> 
    </bean> 
    
    <!-- tiles2 설정 -->
	<bean id="tilesconfigurer"
		class="org.springframework.web.servlet.view.tiles2.TilesConfigurer">
		<property name="definitions">
			<list>
				<value>/WEB-INF/spring/bbs.xml</value>
			</list>
		</property>
	</bean>
	<bean id="viewResolver"
		class="org.springframework.web.servlet.view.UrlBasedViewResolver">
		<property name="viewClass">
			<value>org.springframework.web.servlet.view.tiles2.TilesView</value>
		</property>
		<property name="order" value="1"></property> <!-- 순서를 정해주는 게 좋음 -->
	</bean> 
</beans>
